ip,url,email,username,datetime
45.85.29.138,https://dedecms.com,btustin0@mail.ru,ijereatt0,9/28/2020
41.55.14.92,http://t.co,mbilverstone1@blogspot.com,rzienkiewicz1,11/27/2019
249.221.33.195,http://odnoklassniki.ru,ahamman2@reference.com,dsemken2,6/1/2020
63.216.58.113,https://dion.ne.jp,bparramore3@dailymotion.com,vscutching3,3/26/2020
43.29.175.12,http://japanpost.jp,tswetman4@mashable.com,vharrod4,8/17/2020
100.23.184.36,https://upenn.edu,fslym5@nasa.gov,swennam5,9/8/2020
147.93.167.64,https://webeden.co.uk,mbather6@bbc.co.uk,echarrisson6,7/2/2020
180.81.184.96,http://aol.com,aclacey7@digg.com,cfischer7,7/9/2020
8.211.14.1,https://privacy.gov.au,mstradling8@chicagotribune.com,jlanning8,12/9/2019
99.160.147.242,https://vimeo.com,amatterson9@ezinearticles.com,lelderton9,8/5/2020
169.138.114.117,http://eventbrite.com,hheggisona@blogs.com,scorbya,1/28/2020
122.158.213.191,http://edublogs.org,bcurryb@geocities.jp,abeasantb,11/21/2019
141.227.197.165,http://so-net.ne.jp,clafoyc@springer.com,gkellardc,11/2/2019
184.0.70.105,http://discovery.com,gdeverosed@photobucket.com,ftrembleyd,12/25/2019
130.118.174.25,http://weibo.com,bfolonine@accuweather.com,ltremolierese,11/21/2019
21.67.150.86,https://princeton.edu,zgreenigf@ed.gov,cbenoitf,3/12/2020
59.222.29.169,https://blogs.com,aalvesg@surveymonkey.com,nsaffeng,3/13/2020
104.29.177.245,https://ft.com,dclayh@bluehost.com,zhenckeh,10/21/2019
204.167.9.30,https://163.com,ewilei@mayoclinic.com,cdoolyi,3/22/2020
160.13.192.201,https://google.fr,imiddupj@lulu.com,ebereclothj,7/8/2020
139.191.13.154,https://go.com,abossek@aboutads.info,linklek,7/18/2020
165.125.206.159,http://wisc.edu,bdecourcyl@feedburner.com,dardenl,12/14/2019
94.152.249.37,http://linkedin.com,lrawm@ebay.com,bnialm,3/15/2020
156.136.189.159,https://furl.net,istellin@bizjournals.com,lsappelln,7/9/2020
209.112.78.126,https://hexun.com,agisburneo@yolasite.com,fmarzeloo,11/26/2019
144.28.87.151,http://exblog.jp,cmcmenamiep@whitehouse.gov,mdrinkalep,4/21/2020
94.49.177.31,https://ocn.ne.jp,ngatemanq@npr.org,dkennerleyq,11/5/2019
246.120.32.221,https://pcworld.com,cmcgowranr@netscape.com,cnootr,3/21/2020
69.246.75.77,https://ox.ac.uk,stilbrooks@addthis.com,kquarrells,2/13/2020
71.65.121.60,https://home.pl,cmushett@histats.com,taronstamt,2/18/2020
100.150.0.134,http://sbwire.com,chyattu@cocolog-nifty.com,fnoellu,7/10/2020
2.254.181.33,https://bing.com,cgregorev@imageshack.us,rcarlonv,12/1/2019
149.177.64.66,http://booking.com,mhannaw@ucoz.ru,nwoolvettw,7/22/2020
226.68.134.19,http://google.com.au,edionisx@reuters.com,fdugglebyx,3/23/2020
44.175.204.117,http://youtu.be,lcockitty@w3.org,karnaly,2/29/2020
154.3.67.91,http://w3.org,dtrengrovez@twitpic.com,dbosdetz,12/8/2019
73.45.249.6,http://cargocollective.com,dmattityahou10@harvard.edu,adalliwatr10,4/26/2020
133.77.8.122,https://cpanel.net,fjerdan11@t.co,ssanz11,9/23/2020
168.238.215.219,https://mashable.com,mbreem12@dmoz.org,tblower12,11/12/2019
136.16.162.176,http://mapquest.com,vricold13@census.gov,mthayre13,6/24/2020
209.65.241.227,https://clickbank.net,sthinn14@t-online.de,ehapper14,1/1/2020
43.214.125.4,https://xing.com,bnuemann15@rediff.com,vvigers15,6/27/2020
98.14.147.170,https://list-manage.com,hsanford16@gmpg.org,lhabbin16,2/17/2020
212.85.135.236,http://mail.ru,lpascall17@pen.io,cduffan17,7/20/2020
103.112.92.36,http://hud.gov,psamme18@admin.ch,mmiskin18,10/21/2019
68.242.66.242,https://1688.com,aburdett19@amazon.co.uk,esancias19,10/12/2020
222.91.139.83,https://army.mil,riseton1a@cornell.edu,mankrett1a,6/22/2020
160.82.181.151,https://ifeng.com,pcunah1b@washingtonpost.com,rcumber1b,12/29/2019
224.130.48.72,https://google.fr,lsibthorp1c@reddit.com,lwrigley1c,3/30/2020
120.26.131.86,https://arizona.edu,hnash1d@amazon.co.jp,plashmar1d,11/10/2019
120.83.77.226,http://biblegateway.com,ahinze1e@reddit.com,fdelmonti1e,10/29/2019
222.255.252.254,https://miitbeian.gov.cn,sclemmett1f@cyberchimps.com,sswinfon1f,1/26/2020
25.209.1.150,https://icq.com,hlenoir1g@shareasale.com,btomaino1g,1/4/2020
162.178.78.209,http://google.com,uternent1h@cmu.edu,ktrewartha1h,12/6/2019
69.126.104.227,https://moonfruit.com,ctabor1i@macromedia.com,mconnealy1i,11/22/2019
58.213.102.164,http://pagesperso-orange.fr,kyankin1j@census.gov,bboutwell1j,12/25/2019
197.28.15.174,http://nps.gov,sdottridge1k@ox.ac.uk,dbroxton1k,10/10/2020
181.56.108.80,https://sbwire.com,edyter1l@sina.com.cn,rbrosel1l,7/13/2020
83.247.21.181,https://sciencedirect.com,sheathcott1m@ucoz.com,aaikin1m,1/3/2020
220.125.209.61,https://pinterest.com,lprue1n@dailymail.co.uk,hditzel1n,12/5/2019
114.28.130.46,http://biglobe.ne.jp,jkynan1o@salon.com,kdonoher1o,10/24/2019
186.154.74.232,http://salon.com,gmcpake1p@e-recht24.de,gsimkovitz1p,5/1/2020
172.148.207.110,https://networksolutions.com,obaudet1q@japanpost.jp,hrosthorn1q,1/29/2020
29.182.197.187,http://usatoday.com,dcullip1r@nbcnews.com,gendicott1r,8/11/2020
24.93.193.138,http://diigo.com,ksteuhlmeyer1s@surveymonkey.com,ssketch1s,1/4/2020
92.134.71.218,http://google.es,zstamp1t@spotify.com,gparadin1t,8/27/2020
170.176.201.153,http://ehow.com,ljimmes1u@t.co,aletcher1u,2/20/2020
30.205.15.70,http://is.gd,alutwidge1v@wired.com,tfitzackerley1v,5/23/2020
2.30.55.123,https://economist.com,lmyrtle1w@sun.com,gcheers1w,6/22/2020
41.147.226.213,https://ted.com,rwimsett1x@tripadvisor.com,tscreech1x,10/3/2020
182.107.81.111,http://w3.org,kstudman1y@psu.edu,abeardmore1y,4/6/2020
49.27.121.122,http://mayoclinic.com,hboosey1z@uol.com.br,pjentges1z,7/6/2020
219.104.14.163,https://google.fr,jcarson20@ted.com,pcorriea20,5/14/2020
65.65.208.249,http://chron.com,vpaggitt21@360.cn,opryn21,6/1/2020
176.65.70.46,http://sciencedaily.com,mcaile22@yellowpages.com,rmanlow22,6/27/2020
205.203.96.53,http://posterous.com,khalifax23@furl.net,sbuckenham23,1/21/2020
212.177.96.19,https://nbcnews.com,mchattey24@webeden.co.uk,mfeaveryear24,8/6/2020
199.163.150.108,https://creativecommons.org,jambroz25@ft.com,vadderley25,5/22/2020
171.18.108.125,http://moonfruit.com,dcecere26@intel.com,jryles26,10/9/2020
7.140.37.191,http://cnbc.com,sandroletti27@51.la,rfigura27,4/3/2020
37.81.136.180,https://newsvine.com,pspeares28@weebly.com,babramov28,8/31/2020
67.192.164.213,http://msn.com,cdownage29@msn.com,lferrero29,2/21/2020
184.90.111.80,http://columbia.edu,jpryce2a@theatlantic.com,lmellers2a,11/28/2019
102.104.123.107,https://bloomberg.com,mhouse2b@last.fm,adugo2b,12/28/2019
66.37.248.175,http://miitbeian.gov.cn,ablew2c@hp.com,tmcgaugie2c,1/24/2020
184.227.167.141,https://opensource.org,fboggers2d@unc.edu,mmayberry2d,11/18/2019
113.101.135.240,https://irs.gov,cmccrone2e@seesaa.net,zundy2e,10/28/2019
229.112.218.235,http://yelp.com,mjedrasik2f@ox.ac.uk,lfairpo2f,1/14/2020
61.178.247.244,https://usda.gov,caspinell2g@guardian.co.uk,nthorburn2g,5/14/2020
225.40.125.52,http://baidu.com,akinnock2h@1und1.de,ggauvain2h,7/6/2020
135.97.70.52,http://noaa.gov,tmagill2i@economist.com,cgrevile2i,6/22/2020
17.161.163.138,https://is.gd,bbestwall2j@cargocollective.com,dverdey2j,11/17/2019
166.50.135.10,http://amazonaws.com,tsorsbie2k@japanpost.jp,gstichel2k,1/8/2020
87.228.137.226,https://un.org,lainsbury2l@tinyurl.com,mtobias2l,5/1/2020
165.150.63.8,https://alibaba.com,aburkinshaw2m@ox.ac.uk,abampford2m,9/11/2020
231.231.144.2,https://google.nl,gbovis2n@fotki.com,rdate2n,9/23/2020
245.160.16.38,http://dell.com,lwolfit2o@tuttocitta.it,zchesney2o,8/28/2020
236.197.96.99,http://utexas.edu,lbrightie2p@vimeo.com,bpennyman2p,6/26/2020
66.189.0.155,http://sciencedaily.com,smcgraffin2q@163.com,gphython2q,2/4/2020
7.44.104.171,https://ox.ac.uk,cduffitt2r@wp.com,awagstaffe2r,4/11/2020
74.101.48.124,https://trellian.com,bfairbrother2s@ted.com,dwainwright2s,9/28/2020
226.192.2.54,http://dmoz.org,rsmelley2t@apple.com,jreed2t,3/22/2020
47.207.28.228,https://vk.com,poneil2u@g.co,bfehner2u,4/1/2020
170.36.153.95,http://uiuc.edu,srue2v@infoseek.co.jp,jcrosse2v,4/24/2020
168.27.165.182,http://hatena.ne.jp,gdelayglesia2w@nih.gov,slenglet2w,7/2/2020
240.241.233.158,http://merriam-webster.com,kmoreland2x@bloomberg.com,fpechold2x,7/15/2020
45.48.71.127,http://hugedomains.com,fadamovsky2y@sun.com,hcicchinelli2y,6/21/2020
14.109.199.98,https://irs.gov,aknok2z@ameblo.jp,hgreasley2z,5/29/2020
249.115.187.254,http://pbs.org,aderyebarrett30@un.org,jweinberg30,8/21/2020
39.3.209.41,http://123-reg.co.uk,blintot31@gov.uk,mbuxam31,3/27/2020
230.99.47.60,http://businessweek.com,geagland32@berkeley.edu,mbeldan32,4/25/2020
47.16.208.6,http://soundcloud.com,bwinspurr33@upenn.edu,atrenholme33,5/5/2020
68.50.94.255,https://altervista.org,kpottage34@gmpg.org,hbrummell34,11/25/2019
227.81.148.106,https://va.gov,mproschke35@delicious.com,alorenzini35,1/1/2020
129.43.1.252,https://ocn.ne.jp,wvassano36@europa.eu,ehaggerty36,10/14/2020
170.249.216.171,https://facebook.com,genochsson37@google.co.uk,mwoolward37,10/8/2020
122.23.247.73,http://netvibes.com,mpaskin38@chicagotribune.com,ibee38,8/2/2020
95.65.121.95,https://nsw.gov.au,sossulton39@google.nl,sgudde39,1/8/2020
153.227.17.120,https://shop-pro.jp,fraubenheimers3a@mayoclinic.com,mlaskey3a,9/20/2020
254.67.4.204,https://ibm.com,iassard3b@ft.com,cfryer3b,9/1/2020
242.82.11.87,http://addtoany.com,tmetham3c@dailymail.co.uk,ppoundesford3c,5/15/2020
115.161.52.130,http://admin.ch,rrunnacles3d@disqus.com,egulleford3d,7/27/2020
136.91.85.81,http://washingtonpost.com,fmunden3e@va.gov,dhaggerwood3e,5/26/2020
75.215.197.160,http://theglobeandmail.com,fmarrian3f@slate.com,vtremblay3f,9/19/2020
144.189.68.132,https://issuu.com,cbronger3g@qq.com,cgrigoriscu3g,11/29/2019
247.17.98.83,https://paypal.com,qcresser3h@goo.gl,tgretham3h,3/14/2020
112.91.201.51,http://spotify.com,kgiorgi3i@reverbnation.com,dmarnane3i,12/10/2019
192.133.53.14,https://icq.com,uworthy3j@t-online.de,bpuckham3j,10/31/2019
147.97.248.176,http://yahoo.co.jp,bscutter3k@paginegialle.it,cedy3k,10/13/2020
126.7.103.223,https://bing.com,wmarjot3l@plala.or.jp,ebierton3l,7/17/2020
26.18.213.131,http://howstuffworks.com,mdocket3m@mayoclinic.com,kburbridge3m,9/16/2020
111.230.161.97,http://google.nl,rtschiersch3n@tinypic.com,dboich3n,8/25/2020
130.251.45.13,https://theguardian.com,adenis3o@dropbox.com,mbellord3o,4/14/2020
0.15.7.81,https://cornell.edu,rferrick3p@hatena.ne.jp,hmissington3p,11/19/2019
230.178.195.205,https://joomla.org,llangfitt3q@china.com.cn,ablasdale3q,7/24/2020
131.243.97.118,https://joomla.org,rmcglynn3r@blogs.com,rbirtles3r,7/20/2020
155.178.44.2,http://eventbrite.com,bbrokenshaw3s@simplemachines.org,kjoscelyne3s,5/2/2020
11.22.161.186,http://networksolutions.com,ccocher3t@huffingtonpost.com,lbagott3t,11/12/2019
104.61.55.56,http://blogtalkradio.com,kforsbey3u@shareasale.com,bfolley3u,9/5/2020
41.10.235.223,http://ted.com,bhydes3v@army.mil,ekmietsch3v,2/28/2020
103.61.136.97,http://kickstarter.com,tcoutthart3w@usatoday.com,rbelding3w,7/3/2020
179.228.183.186,https://weather.com,cnangle3x@google.it,psantora3x,8/6/2020
74.207.39.141,https://xrea.com,hmougenel3y@reference.com,lpregel3y,11/16/2019
113.178.0.168,http://tuttocitta.it,rsparkes3z@photobucket.com,rfolker3z,2/10/2020
200.218.104.212,http://washingtonpost.com,cbaldacchino40@timesonline.co.uk,aship40,12/21/2019
45.19.41.82,http://vk.com,ekynder41@mac.com,gharding41,7/8/2020
37.218.173.243,http://gnu.org,hwilflinger42@ftc.gov,smoxted42,1/2/2020
31.20.34.130,https://google.nl,agindghill43@delicious.com,ebudleigh43,12/13/2019
161.245.201.152,https://posterous.com,mkundert44@163.com,ctonsley44,4/11/2020
86.229.106.56,http://gizmodo.com,kfairchild45@cnbc.com,cjanney45,7/14/2020
195.82.180.9,https://ox.ac.uk,halloisi46@berkeley.edu,dchicken46,7/31/2020
42.93.32.99,http://tripadvisor.com,hfinnan47@biblegateway.com,bsheal47,4/16/2020
94.17.96.236,https://redcross.org,ncheverell48@barnesandnoble.com,sdoe48,9/15/2020
230.155.173.186,https://narod.ru,adunckley49@cdc.gov,dberrane49,7/30/2020
75.240.16.44,http://state.tx.us,hledingham4a@ning.com,wswatman4a,5/4/2020
94.89.24.41,http://imdb.com,nchippindall4b@usgs.gov,ggreenrod4b,11/20/2019
21.119.163.7,https://kickstarter.com,blouedey4c@cmu.edu,bcorp4c,2/16/2020
39.130.250.80,https://example.com,dkerrich4d@123-reg.co.uk,masken4d,5/28/2020
86.136.80.33,http://paypal.com,sredmayne4e@wunderground.com,glawrenson4e,10/16/2020
132.176.129.30,https://geocities.jp,cklaessen4f@alibaba.com,mbohan4f,3/8/2020
203.211.141.92,http://plala.or.jp,fathow4g@sina.com.cn,aspyby4g,9/26/2020
193.24.66.218,https://delicious.com,jquilty4h@reddit.com,phay4h,2/18/2020
235.221.246.83,https://washingtonpost.com,fcolecrough4i@npr.org,gheditch4i,11/8/2019
65.64.24.192,https://exblog.jp,dsauvage4j@apache.org,wcotgrove4j,4/9/2020
140.132.191.13,http://booking.com,claborde4k@storify.com,ggribbon4k,11/27/2019
18.72.180.18,https://toplist.cz,bswale4l@java.com,mdyshart4l,11/18/2019
147.158.218.202,http://army.mil,olouche4m@desdev.cn,shounsome4m,7/18/2020
202.213.86.93,http://hhs.gov,lvasyutin4n@examiner.com,cwreath4n,5/26/2020
30.143.44.74,http://yahoo.co.jp,zboutellier4o@unc.edu,hfrome4o,1/17/2020
91.222.29.229,https://twitter.com,mblumer4p@symantec.com,moliva4p,10/15/2020
167.179.204.241,http://mlb.com,alaying4q@canalblog.com,codonnelly4q,5/26/2020
22.96.13.157,http://amazonaws.com,cjales4r@friendfeed.com,ngudgen4r,6/25/2020
90.100.118.211,https://multiply.com,mroubert4s@ucoz.com,tcantero4s,5/28/2020
40.107.91.3,https://flavors.me,lgellier4t@soup.io,vblanking4t,6/18/2020
4.150.206.168,https://geocities.jp,vporcher4u@whitehouse.gov,acoxwell4u,7/16/2020
75.30.234.125,http://ameblo.jp,mdebruyne4v@stumbleupon.com,jdunniom4v,5/13/2020
234.165.54.177,https://army.mil,cdering4w@prweb.com,cgarrison4w,4/25/2020
193.86.174.165,https://imdb.com,rdoret4x@bbc.co.uk,mclubb4x,3/22/2020
253.157.85.130,https://wikispaces.com,rterzi4y@uol.com.br,hraynor4y,12/30/2019
106.216.4.151,https://home.pl,ebowery4z@jimdo.com,oeble4z,10/4/2020
254.10.70.92,http://mediafire.com,mmassinger50@wunderground.com,hfyndon50,5/4/2020
234.162.187.20,http://devhub.com,lpinckney51@seesaa.net,bandren51,2/22/2020
135.124.133.130,http://cafepress.com,yhillett52@technorati.com,bbeckworth52,9/5/2020
234.134.120.177,https://clickbank.net,yjasiak53@webeden.co.uk,mgunson53,7/8/2020
79.246.157.116,http://over-blog.com,ngrouer54@loc.gov,scroll54,1/3/2020
49.17.219.116,http://nih.gov,fmarquand55@hexun.com,clabro55,8/25/2020
48.69.36.249,https://weibo.com,gwoodwin56@printfriendly.com,emuge56,7/3/2020
119.246.236.42,https://github.io,htolputt57@jugem.jp,bdebill57,10/8/2020
176.208.126.35,http://woothemes.com,wbrauninger58@va.gov,dsoro58,7/6/2020
179.200.154.177,https://merriam-webster.com,dhiner59@jigsy.com,bangrock59,11/16/2019
219.111.16.201,https://google.es,kberryann5a@chron.com,gwhitley5a,3/2/2020
200.101.8.6,https://vimeo.com,bqueste5b@reddit.com,khellwing5b,11/24/2019
205.25.197.18,https://opera.com,chamel5c@reference.com,rdingsdale5c,6/20/2020
89.33.27.201,http://qq.com,karkill5d@japanpost.jp,tmurtimer5d,1/24/2020
76.211.7.233,http://hud.gov,brozalski5e@domainmarket.com,larmatidge5e,2/10/2020
216.46.128.159,http://un.org,aeddowes5f@webs.com,gfilippone5f,12/9/2019
40.95.178.167,http://webnode.com,apeert5g@sogou.com,mstandidge5g,12/15/2019
206.212.160.190,https://china.com.cn,vlente5h@moonfruit.com,cglencros5h,3/28/2020
255.233.89.202,http://bloglovin.com,jmarriage5i@posterous.com,ccadany5i,7/10/2020
74.232.235.243,https://ifeng.com,jdrains5j@bandcamp.com,abolens5j,3/12/2020
226.14.172.9,https://networkadvertising.org,lscaysbrook5k@dedecms.com,drash5k,9/11/2020
183.237.199.202,http://stumbleupon.com,agabler5l@wunderground.com,rjamot5l,7/3/2020
128.210.3.231,http://nhs.uk,dducarme5m@bizjournals.com,rsquibe5m,7/9/2020
64.33.92.68,http://ed.gov,chebblethwaite5n@booking.com,jdouberday5n,12/15/2019
187.194.72.94,http://jigsy.com,mgallaher5o@themeforest.net,jchurchill5o,4/24/2020
96.253.153.113,http://gizmodo.com,eogleasane5p@npr.org,rferre5p,3/12/2020
207.3.85.166,http://shinystat.com,cklesl5q@exblog.jp,gstanlake5q,3/3/2020
176.43.196.147,https://globo.com,fcrampsy5r@elegantthemes.com,eolyff5r,6/18/2020
175.79.7.83,http://deliciousdays.com,nskully5s@usa.gov,hmeneer5s,2/7/2020
195.82.180.9,http://ox.ac.uk,cyuranovev5t@discuz.net,mdecristofalo5t,1/15/2020
147.226.73.170,http://google.com.au,htombleson5u@archive.org,abergen5u,8/2/2020
44.108.116.210,http://slate.com,aspurrett5v@fotki.com,toluney5v,10/25/2019
220.85.115.29,https://unicef.org,sgores5w@hostgator.com,cmenichelli5w,8/27/2020
146.0.59.68,http://scribd.com,fputman5x@shop-pro.jp,llabitt5x,6/5/2020
153.230.157.110,http://gmpg.org,dfewster5y@linkedin.com,acarver5y,9/8/2020
96.210.129.237,https://com.com,kdaile5z@webnode.com,rrollitt5z,10/15/2020
112.29.239.210,https://businessweek.com,tcow60@g.co,dtender60,4/22/2020
33.234.89.84,http://myspace.com,wtander61@unesco.org,ablaymires61,4/28/2020
33.220.184.251,http://mayoclinic.com,sbeaman62@fc2.com,cblackboro62,4/7/2020
255.170.56.132,https://bluehost.com,jcunney63@hexun.com,nfeacham63,4/4/2020
15.111.69.38,https://ask.com,ewittke64@va.gov,crobers64,5/6/2020
106.180.85.69,https://free.fr,wmaylor65@imdb.com,lpeake65,2/20/2020
169.196.119.164,https://seesaa.net,cgrouvel66@google.ru,kmalin66,9/8/2020
35.3.26.20,http://tinyurl.com,jdavitashvili67@paypal.com,atomaskunas67,6/26/2020
157.86.58.159,http://dion.ne.jp,ahaseley68@prlog.org,ahalton68,2/8/2020
51.22.133.217,http://wp.com,araynard69@creativecommons.org,dcressor69,1/23/2020
243.150.246.2,http://cnbc.com,npensom6a@example.com,elohoar6a,11/20/2019
80.81.106.67,http://hao123.com,dandrock6b@buzzfeed.com,mcrockford6b,3/15/2020
86.14.187.224,http://parallels.com,trosenstiel6c@wp.com,fraggles6c,8/2/2020
30.75.2.170,http://deliciousdays.com,tlanfare6d@flavors.me,aspillett6d,7/17/2020
119.61.0.143,http://arizona.edu,pechallie6e@google.com,cbriztman6e,9/13/2020
86.171.211.28,https://ustream.tv,bgouldie6f@deviantart.com,ebordman6f,6/29/2020
39.184.13.22,https://gov.uk,aedelston6g@cdbaby.com,jmilton6g,11/26/2019
53.28.248.132,http://friendfeed.com,lnewlove6h@kickstarter.com,zbalaam6h,10/2/2020
30.21.249.84,https://slideshare.net,ggodber6i@chronoengine.com,wknobell6i,10/25/2019
111.24.246.16,https://quantcast.com,kpeirpoint6j@123-reg.co.uk,kmacwilliam6j,3/10/2020
196.158.236.94,http://independent.co.uk,hduchant6k@who.int,magutter6k,12/14/2019
160.40.80.225,https://alexa.com,ebice6l@indiegogo.com,gdoudny6l,8/20/2020
241.43.201.92,https://yahoo.co.jp,btapley6m@timesonline.co.uk,npurdy6m,12/27/2019
131.55.219.99,https://tuttocitta.it,sdoncom6n@moonfruit.com,lingilson6n,11/22/2019
79.108.213.149,http://e-recht24.de,bpleven6o@simplemachines.org,sgianninotti6o,10/18/2019
187.243.140.127,http://dailymail.co.uk,nklainman6p@instagram.com,dugolotti6p,10/12/2020
217.188.247.89,https://nba.com,wnorgan6q@lulu.com,rswinnerton6q,1/16/2020
4.97.147.211,http://usgs.gov,rfine6r@php.net,fbolte6r,6/4/2020
31.5.167.68,https://sphinn.com,baers6s@de.vu,kcarnegie6s,8/17/2020
216.177.121.76,https://infoseek.co.jp,acookman6t@cocolog-nifty.com,lclow6t,10/13/2020
239.218.91.25,http://miibeian.gov.cn,bbradwell6u@skyrock.com,csharpous6u,9/28/2020
189.179.116.181,http://dagondesign.com,jbumphrey6v@youku.com,dtuft6v,2/4/2020
225.202.197.88,http://cbsnews.com,jbarts6w@devhub.com,mmcatamney6w,3/18/2020
219.237.82.58,https://altervista.org,dgoodridge6x@oaic.gov.au,eterzza6x,8/20/2020
160.184.157.116,http://hibu.com,dhebburn6y@shop-pro.jp,amewis6y,11/10/2019
228.69.164.31,http://wikimedia.org,pmorcomb6z@dagondesign.com,tadne6z,1/25/2020
190.63.27.3,http://bbb.org,hversey70@opera.com,ccorns70,10/11/2020
118.155.22.198,http://upenn.edu,lclayson71@ustream.tv,prolfo71,9/16/2020
82.86.152.87,http://myspace.com,whollingdale72@un.org,bserridge72,11/15/2019
31.219.219.134,https://infoseek.co.jp,rbraddon73@intel.com,jescolme73,4/16/2020
66.44.58.136,http://i2i.jp,bketts74@nationalgeographic.com,gvertigan74,6/15/2020
49.156.29.1,https://upenn.edu,cpheby75@desdev.cn,elages75,2/3/2020
110.215.128.18,http://youku.com,ecarss76@bloglovin.com,nattwell76,9/30/2020
156.98.139.144,https://addtoany.com,gskeldinge77@t-online.de,bmatias77,9/27/2020
16.113.251.6,http://flavors.me,dpead78@microsoft.com,sgilstin78,10/29/2019
46.34.68.224,https://t-online.de,gwebling79@mlb.com,debenezer79,7/1/2020
218.53.49.29,http://ted.com,clayland7a@hatena.ne.jp,emaddern7a,3/14/2020
96.161.101.164,http://multiply.com,csnooks7b@webnode.com,dbaptiste7b,12/8/2019
208.113.53.146,https://discuz.net,gcolwill7c@barnesandnoble.com,amercer7c,10/15/2020
157.225.0.212,https://is.gd,mmcgoon7d@simplemachines.org,glardiner7d,3/27/2020
233.17.23.225,https://miibeian.gov.cn,nmoss7e@yale.edu,bkentwell7e,10/25/2019
61.115.160.23,http://ox.ac.uk,acracie7f@instagram.com,lblencoe7f,10/26/2019
80.12.199.114,https://fotki.com,gviney7g@tripadvisor.com,zdurbin7g,11/6/2019
17.19.62.31,https://163.com,cdollen7h@digg.com,aswedeland7h,4/20/2020
216.101.42.129,http://imageshack.us,ahoonahan7i@squarespace.com,ccandey7i,6/21/2020
32.127.114.101,https://google.es,bfust7j@ox.ac.uk,dreimer7j,2/18/2020
139.192.49.109,https://sohu.com,cbrampton7k@dailymotion.com,bguillart7k,3/7/2020
28.228.79.78,https://squarespace.com,bfullalove7l@weibo.com,mformilli7l,4/5/2020
40.19.244.188,https://globo.com,jmowatt7m@google.co.jp,ecollyer7m,12/2/2019
92.31.187.220,http://umn.edu,npriestnall7n@nytimes.com,tcrinson7n,8/21/2020
77.90.222.129,http://barnesandnoble.com,ifucher7o@google.fr,mderwin7o,6/10/2020
58.19.56.170,http://pcworld.com,cmazin7p@dmoz.org,mfessions7p,1/21/2020
230.24.50.48,https://scribd.com,iconachie7q@cornell.edu,kgladtbach7q,5/13/2020
182.166.22.2,http://hatena.ne.jp,adeesly7r@oracle.com,cwillbourne7r,6/9/2020
25.149.8.67,https://aol.com,hnani7s@samsung.com,mkarp7s,10/2/2020
45.239.12.168,http://earthlink.net,sparkins7t@irs.gov,clamzed7t,3/22/2020
105.236.140.145,http://about.com,akettlestringe7u@marriott.com,kmillan7u,12/23/2019
208.233.32.231,http://behance.net,hgioan7v@newyorker.com,aschreiner7v,1/2/2020
253.253.52.92,http://ehow.com,jgallaher7w@elpais.com,ssitlinton7w,4/14/2020
76.118.244.203,http://google.ru,bstilly7x@eventbrite.com,tmitchard7x,2/20/2020
145.141.162.140,http://virginia.edu,ssimonetto7y@cyberchimps.com,eparffrey7y,9/1/2020
226.162.198.108,http://diigo.com,uskerme7z@digg.com,mwolseley7z,5/3/2020
1.89.176.25,https://cbc.ca,dadamo80@diigo.com,dlinge80,1/8/2020
112.22.191.113,http://hatena.ne.jp,dmccoy81@devhub.com,vyellowley81,7/25/2020
3.223.223.138,http://jiathis.com,tbattista82@fda.gov,clukianov82,7/2/2020
35.150.2.128,http://omniture.com,lquested83@baidu.com,sblackburne83,11/27/2019
140.14.215.204,http://blogtalkradio.com,aboggis84@gizmodo.com,ioloughlin84,5/31/2020
35.93.68.254,https://tumblr.com,ndeme85@harvard.edu,etancock85,6/3/2020
15.23.108.139,http://flavors.me,kownsworth86@nytimes.com,iskough86,4/23/2020
142.176.190.123,https://hostgator.com,slemm87@salon.com,hlaxe87,9/27/2020
156.99.170.177,http://delicious.com,cmacknocker88@dedecms.com,gkiernan88,11/24/2019
36.87.215.140,http://thetimes.co.uk,broome89@chronoengine.com,rgrumell89,4/15/2020
235.28.212.89,http://virginia.edu,iropking8a@sciencedirect.com,eerlam8a,6/7/2020
215.168.143.23,http://studiopress.com,cfenech8b@macromedia.com,omoyles8b,12/20/2019
141.248.139.107,https://sitemeter.com,hrushmare8c@canalblog.com,arudall8c,10/19/2019
124.0.100.29,http://apache.org,yblakelock8d@geocities.jp,bscrowton8d,4/6/2020
49.155.20.136,https://nps.gov,ktunbridge8e@mac.com,gdunphie8e,8/10/2020
51.110.219.94,http://bandcamp.com,jbattman8f@cisco.com,pdalby8f,2/26/2020
82.140.20.43,http://pagesperso-orange.fr,nwainwright8g@paypal.com,bwinn8g,1/20/2020
97.32.80.62,http://twitpic.com,zstaten8h@dagondesign.com,cwarwick8h,8/6/2020
56.240.142.58,https://ox.ac.uk,hjozsika8i@about.com,hmacalees8i,8/15/2020
205.192.38.183,https://altervista.org,woleszczak8j@bravesites.com,sebben8j,7/1/2020
174.8.124.117,https://mapy.cz,arobion8k@ycombinator.com,cparrish8k,9/12/2020
240.35.205.200,http://upenn.edu,mrisman8l@nationalgeographic.com,msandercock8l,11/7/2019
223.252.204.209,https://wired.com,sdowns8m@usatoday.com,jrouke8m,8/20/2020
18.143.6.167,https://abc.net.au,cawmack8n@telegraph.co.uk,ldaniau8n,9/18/2020
85.63.11.38,https://yandex.ru,shaycroft8o@prnewswire.com,acavan8o,3/28/2020
243.197.87.0,https://cafepress.com,lgalpin8p@vinaora.com,vedmed8p,1/18/2020
92.195.248.106,http://arizona.edu,ljuste8q@networkadvertising.org,etolumello8q,10/16/2020
37.5.231.86,http://state.tx.us,eboniface8r@hp.com,cfranckton8r,12/25/2019
220.45.151.97,https://ucsd.edu,ljenckes8s@merriam-webster.com,dcrampsy8s,2/29/2020
215.174.186.212,http://fema.gov,gbarajaz8t@flickr.com,vmooney8t,3/26/2020
103.253.33.237,https://pcworld.com,trapinett8u@histats.com,lwebland8u,9/6/2020
152.212.43.214,http://51.la,athorald8v@princeton.edu,mcannings8v,9/11/2020
26.206.98.34,https://newsvine.com,sjepson8w@cornell.edu,gcoolbear8w,10/25/2019
25.52.248.191,http://nps.gov,ghorburgh8x@dyndns.org,nradbond8x,2/20/2020
141.196.246.75,http://who.int,bphilpault8y@moonfruit.com,ddionisetti8y,7/3/2020
3.53.52.254,https://trellian.com,lhayller8z@webnode.com,bvirgoe8z,9/9/2020
49.241.12.109,http://nytimes.com,ecorter90@desdev.cn,lseniour90,12/11/2019
170.215.236.27,https://cocolog-nifty.com,gloughren91@nbcnews.com,kklimt91,12/23/2019
129.31.226.89,http://nationalgeographic.com,wdinsmore92@instagram.com,dgoady92,11/13/2019
111.153.176.228,http://hud.gov,lmatuszinski93@nps.gov,gbirkmyre93,9/4/2020
18.216.90.61,https://icq.com,dhardistry94@google.com.au,jhillett94,4/28/2020
200.96.89.191,http://icq.com,oredparth95@howstuffworks.com,bperrot95,2/17/2020
195.82.180.9,http://ox.ac.uk,phenningham96@plala.or.jp,aterrington96,10/26/2019
171.241.132.114,http://fda.gov,aberget97@nsw.gov.au,baveyard97,12/8/2019
241.176.206.184,https://ebay.co.uk,cabate98@timesonline.co.uk,aesser98,7/14/2020
156.245.205.179,https://gizmodo.com,wspini99@deliciousdays.com,griccardini99,12/4/2019
198.31.224.124,http://github.io,sluckey9a@thetimes.co.uk,pebertz9a,4/8/2020
159.245.206.22,http://google.com.hk,aashdown9b@nydailynews.com,cabbatucci9b,9/24/2020
206.239.129.35,http://purevolume.com,hgadault9c@disqus.com,estrivens9c,12/30/2019
199.220.32.203,http://addtoany.com,kdowns9d@time.com,nfenby9d,2/8/2020
132.37.72.230,https://wix.com,bcham9e@huffingtonpost.com,alaffranconi9e,1/11/2020
239.142.57.49,https://imageshack.us,bhancorn9f@flavors.me,spilbury9f,8/12/2020
45.148.12.2,https://issuu.com,dbradtke9g@thetimes.co.uk,cdelaci9g,12/27/2019
156.113.119.93,http://yandex.ru,bzarfati9h@mapy.cz,dhaddinton9h,12/27/2019
91.164.78.127,https://sina.com.cn,kscutching9i@nba.com,mverdun9i,2/2/2020
197.210.94.226,https://loc.gov,abuntine9j@alibaba.com,tflounders9j,3/25/2020
64.197.33.42,https://cbsnews.com,rpumfrett9k@thetimes.co.uk,vluca9k,1/26/2020
49.76.129.132,http://amazon.de,nleathers9l@over-blog.com,tpeddowe9l,12/10/2019
122.100.19.2,https://symantec.com,cesler9m@bluehost.com,mweippert9m,3/31/2020
145.112.145.67,http://desdev.cn,elapworth9n@biglobe.ne.jp,jwilcock9n,10/3/2020
90.237.100.126,http://soup.io,lquakley9o@ehow.com,rrow9o,7/10/2020
154.48.27.108,https://example.com,pvanderbaaren9p@moonfruit.com,nnapolitano9p,2/7/2020
177.168.89.119,https://wordpress.com,iphilipsson9q@ovh.net,epiquard9q,7/27/2020
114.114.208.210,http://cdbaby.com,erillstone9r@blogspot.com,emcmenamie9r,1/24/2020
127.63.48.38,https://buzzfeed.com,amullen9s@netlog.com,kdavio9s,1/31/2020
170.171.100.107,http://tinyurl.com,wtomblin9t@boston.com,skorting9t,1/19/2020
118.206.255.37,http://phpbb.com,eeliff9u@tumblr.com,iparlor9u,10/21/2019
198.128.225.135,http://cloudflare.com,dreardon9v@nifty.com,econachy9v,8/28/2020
76.83.151.79,https://booking.com,hesson9w@google.com.au,etourle9w,10/12/2020
171.203.76.126,http://trellian.com,cantonopoulos9x@macromedia.com,wcayette9x,3/8/2020
30.129.10.52,https://technorati.com,wcoules9y@npr.org,mmarfield9y,11/3/2019
39.192.118.89,http://ebay.com,vhussy9z@nydailynews.com,sphilippet9z,8/5/2020
149.219.69.70,http://harvard.edu,lgowriea0@google.com.br,ekoeppkea0,9/19/2020
116.131.245.187,https://wsj.com,mvamplewa1@360.cn,webbettsa1,8/17/2020
217.81.135.213,https://prnewswire.com,adiwella2@home.pl,amillsa2,3/30/2020
234.16.139.209,http://jalbum.net,cnavarijoa3@sourceforge.net,jsilberschatza3,8/23/2020
251.173.67.198,https://ft.com,marnasona4@live.com,dblackabya4,5/15/2020
149.217.72.29,https://gizmodo.com,dblanna5@list-manage.com,hcastagnassoa5,4/24/2020
19.246.179.85,http://bluehost.com,smackilroea6@gizmodo.com,kjurriesa6,7/18/2020
37.147.206.134,http://dailymail.co.uk,egeesona7@slashdot.org,ccoweya7,12/5/2019
56.103.91.228,http://wikimedia.org,sdeloozea8@walmart.com,ckleinhausa8,7/1/2020
198.194.20.169,http://berkeley.edu,lfollinga9@arstechnica.com,gwardea9,5/9/2020
240.82.238.124,https://dailymail.co.uk,ekennallyaa@si.edu,isinghaa,7/20/2020
230.99.44.183,http://accuweather.com,vethelstonab@msn.com,fnehlab,12/29/2019
41.108.241.4,http://51.la,sblencoweac@umn.edu,ssandercockac,3/28/2020
111.180.129.53,http://macromedia.com,dcogleyad@symantec.com,hhowickad,11/29/2019
4.224.173.252,https://disqus.com,mpithieae@sogou.com,ldeshortsae,11/28/2019
65.2.63.57,https://mtv.com,cbaudeaf@networksolutions.com,thugettaf,12/30/2019
49.45.134.184,http://blogger.com,srobothamag@bloglines.com,ewavishag,6/24/2020
94.42.12.195,http://bandcamp.com,hgossipinah@mapy.cz,ghailwoodah,9/11/2020
50.139.87.53,https://blog.com,dperagoai@aol.com,gmatokhninai,9/27/2020
216.183.245.236,https://dropbox.com,aantoniottiiaj@bloomberg.com,vuzzellaj,3/11/2020
210.96.194.35,http://irs.gov,rbauduinak@oakley.com,ahinkensenak,11/24/2019
224.41.220.6,http://upenn.edu,vrennoldsal@springer.com,olaidlowal,12/5/2019
229.185.127.155,https://whitehouse.gov,fhadigateam@dion.ne.jp,blupsonam,10/7/2020
68.57.101.247,https://walmart.com,flubmanan@sakura.ne.jp,hthebesan,10/26/2019
129.229.122.255,https://ifeng.com,wpetrichatao@nps.gov,lstreatleyao,7/3/2020
193.208.228.161,http://meetup.com,mgunbyap@ox.ac.uk,loertzenap,3/20/2020
41.65.240.246,https://ftc.gov,nenticknapaq@addtoany.com,bblowfeldeaq,5/16/2020
171.28.103.215,http://omniture.com,asuddabyar@de.vu,dreddishar,10/4/2020
186.17.132.199,http://goo.gl,kshillingfordas@bloglines.com,wplewmanas,9/25/2020
152.32.56.174,https://howstuffworks.com,arodbourneat@issuu.com,jweighellat,11/18/2019
140.181.229.230,http://xing.com,oeffauntau@admin.ch,daupolau,9/15/2020
97.174.142.194,https://weather.com,ttolcherav@wordpress.org,msumblerav,9/27/2020
225.220.159.231,https://webeden.co.uk,sdealeyaw@slashdot.org,gposneraw,11/16/2019
179.117.65.175,http://usa.gov,bomearaax@ask.com,sdouberdayax,6/25/2020
85.223.127.226,http://patch.com,mhamberstonay@ftc.gov,arubyay,6/9/2020
192.51.142.166,https://desdev.cn,kjerrardaz@dropbox.com,ereahaz,3/20/2020
201.191.19.33,http://altervista.org,zdittb0@studiopress.com,tcharlinb0,5/4/2020
104.135.247.89,http://github.com,epactatb1@devhub.com,aharfootb1,5/5/2020
0.129.136.252,https://mysql.com,pislepb2@psu.edu,abuntinb2,4/20/2020
87.22.27.189,http://ox.ac.uk,ccroncheyb3@behance.net,banslowb3,4/6/2020
106.79.211.152,http://typepad.com,jsammutb4@java.com,aduberryb4,9/3/2020
105.214.73.106,http://ucoz.ru,miuoriob5@boston.com,modowdb5,1/7/2020
64.58.163.132,https://va.gov,ecooringtonb6@google.es,mmcdavidb6,2/21/2020
126.188.104.114,http://mapy.cz,dcleynaertb7@discuz.net,rmccaughanb7,4/11/2020
206.120.77.219,https://dailymail.co.uk,wbiesterfeldb8@ask.com,mdosdaleb8,12/11/2019
56.240.142.58,http://ox.ac.uk,lmahaddieb9@nsw.gov.au,ocourteneyb9,6/20/2020
191.40.247.37,https://examiner.com,adebneyba@smh.com.au,strottba,9/7/2020
216.168.170.238,http://omniture.com,kiddiensbb@hostgator.com,sclinnickbb,9/10/2020
153.33.254.101,http://slate.com,cchurchmanbc@cargocollective.com,rclampebc,1/14/2020
62.9.28.170,https://ustream.tv,hbampfordbd@oracle.com,bdenesbd,12/3/2019
193.237.195.160,http://independent.co.uk,sgoodrickebe@ox.ac.uk,ekachelbe,4/25/2020
188.29.88.37,https://tripod.com,tsilcockbf@oakley.com,sriboubf,4/14/2020
71.239.188.90,https://wikimedia.org,ktwellsbg@baidu.com,npaginbg,12/25/2019
194.188.107.101,http://theatlantic.com,martharsbh@joomla.org,treisenbergbh,12/26/2019
63.94.132.218,https://blog.com,ahurlestonbi@disqus.com,gshaldersbi,1/15/2020
79.54.34.48,http://salon.com,ekillockbj@creativecommons.org,jharkessbj,4/2/2020
30.104.211.190,https://drupal.org,boshavlanbk@ehow.com,vmordybk,7/6/2020
62.229.169.90,https://live.com,mpeperellbl@smugmug.com,lglackenbl,4/28/2020
24.125.235.107,http://tumblr.com,bhaydonbm@163.com,pkeepingbm,1/1/2020
220.27.55.143,https://washington.edu,fdodingbn@angelfire.com,mrappoportbn,6/4/2020
168.184.178.101,https://jiathis.com,dluckcockbo@phpbb.com,webanksbo,7/1/2020
47.38.180.143,http://dyndns.org,hhairesnapebp@weebly.com,blubmanbp,12/8/2019
63.188.3.174,https://europa.eu,jcastagnabq@geocities.com,bfibbensbq,5/8/2020
90.8.56.56,https://indiegogo.com,jsallengerbr@earthlink.net,cwysomebr,1/12/2020
73.127.161.244,http://soundcloud.com,oscollardbs@china.com.cn,qbussbs,7/22/2020
133.219.170.149,https://plala.or.jp,abalasinibt@rakuten.co.jp,jquinceybt,7/27/2020
123.16.155.63,https://wikimedia.org,charlowebu@miibeian.gov.cn,gcheersbu,6/20/2020
230.79.95.42,https://oaic.gov.au,pvanderhoogbv@cnn.com,crenebv,12/21/2019
131.56.224.132,http://wunderground.com,ahadwickbw@amazonaws.com,mshoebridgebw,11/11/2019
230.239.15.13,https://dion.ne.jp,dvousdenbx@pbs.org,nlarkcumbx,2/15/2020
80.87.133.202,https://salon.com,wchampneysby@flavors.me,cfolkertsby,3/1/2020
214.76.161.39,http://is.gd,lkollatschbz@youtube.com,jmountcastlebz,7/23/2020
172.169.28.52,https://springer.com,sblumsomc0@reference.com,lfrekec0,10/22/2019
24.223.84.73,http://addthis.com,gattewillc1@amazon.com,srispinc1,9/14/2020
90.113.198.165,https://pcworld.com,sstitsonc2@privacy.gov.au,ppitmanc2,12/11/2019
250.190.12.79,http://spotify.com,jfaddenc3@wordpress.com,jhazardc3,11/2/2019
42.123.78.60,https://cnbc.com,atanderc4@gizmodo.com,pprottc4,2/7/2020
81.210.36.21,https://imdb.com,jrosternec5@themeforest.net,kclaricoatsc5,4/6/2020
151.65.211.84,http://google.it,imcglewc6@ifeng.com,cgeraghtyc6,1/23/2020
6.109.167.152,https://dailymotion.com,lglancyc7@jimdo.com,cgransdenc7,5/8/2020
226.89.248.41,https://trellian.com,bwhyec8@springer.com,tklemmtc8,3/19/2020
228.179.130.172,http://tamu.edu,rbickerc9@dot.gov,jstevanic9,7/28/2020
13.158.140.133,http://yellowpages.com,lclousleyca@ftc.gov,bbilsonca,9/10/2020
161.135.162.62,https://163.com,whankardcb@issuu.com,fpereiracb,8/6/2020
233.68.48.131,http://webs.com,aostickcc@mediafire.com,gbailycc,4/28/2020
138.11.50.159,http://cisco.com,abourleycd@discovery.com,jclarkincd,8/19/2020
121.68.33.83,http://jiathis.com,alongfutce@ftc.gov,vbootesce,11/7/2019
86.143.141.113,https://pcworld.com,hgalwaycf@youtu.be,tblaszczykcf,5/19/2020
76.15.157.14,http://narod.ru,gsimonotcg@utexas.edu,hbultitudecg,12/26/2019
234.0.210.100,https://reuters.com,dibesonch@xrea.com,lporkerch,4/24/2020
4.226.13.113,https://noaa.gov,hkellci@ucsd.edu,mloftsci,8/20/2020
253.83.104.192,http://csmonitor.com,smapledorumcj@1688.com,jsausmancj,6/21/2020
147.112.173.110,http://state.gov,tsheweryck@cloudflare.com,rhelksck,10/27/2019
195.112.41.136,https://networksolutions.com,bchesshirecl@soundcloud.com,mfriettcl,2/7/2020
184.232.109.178,https://live.com,upetterscm@google.ru,sdoblecm,11/7/2019
79.102.161.144,https://canalblog.com,pcommuzzocn@dailymail.co.uk,eblickcn,1/8/2020
211.114.204.171,https://ox.ac.uk,ngodboltco@samsung.com,rsellnerco,9/17/2020
136.83.198.151,https://umn.edu,rbradburycp@vinaora.com,bpratorcp,10/9/2020
117.59.8.85,https://amazon.de,llatuscq@europa.eu,epunchercq,5/24/2020
73.191.177.174,http://intel.com,pbuckmastercr@home.pl,mswindellcr,7/13/2020
159.79.228.163,https://ning.com,bprickettcs@tripod.com,rdarycs,11/22/2019
31.218.222.18,http://wikimedia.org,tjershct@freewebs.com,rspondleyct,5/29/2020
102.19.62.34,http://craigslist.org,cpietruszewiczcu@dailymotion.com,jjaquemarcu,1/11/2020
125.54.22.64,https://nyu.edu,xhoylandcv@parallels.com,nchengcv,11/21/2019
181.213.46.99,https://ebay.com,wbullencw@feedburner.com,npeoplecw,5/28/2020
148.39.26.22,https://comcast.net,sdudgeoncx@bizjournals.com,kwoodrooffecx,10/15/2020
93.179.13.230,http://yelp.com,leubankcy@163.com,dalessandrellicy,8/1/2020
175.96.22.72,http://histats.com,dvaughncz@bbc.co.uk,rscothroncz,12/5/2019
224.153.28.155,http://sfgate.com,juttridged0@toplist.cz,bgrattand0,1/23/2020
36.221.153.171,http://cocolog-nifty.com,tdeegand1@phoca.cz,dswafieldd1,8/18/2020
223.28.125.199,https://instagram.com,jtrayfordd2@drupal.org,mjockled2,1/3/2020
40.0.70.240,https://ibm.com,dtileyd3@uiuc.edu,pbiddyd3,1/11/2020
184.148.181.226,http://prlog.org,fstruand4@independent.co.uk,nmcgowrand4,3/20/2020
172.172.91.149,https://odnoklassniki.ru,bschulzd5@mtv.com,hmcfarlaned5,3/19/2020
88.66.68.136,http://admin.ch,igoulterd6@barnesandnoble.com,ajuzad6,4/2/2020
26.253.30.44,https://bing.com,rmatasovd7@blogs.com,seaseyd7,11/27/2019
56.161.114.208,https://japanpost.jp,froskelleyd8@senate.gov,trichied8,3/15/2020
235.16.58.95,http://telegraph.co.uk,esadgroved9@elegantthemes.com,sshipmand9,4/30/2020
124.240.194.188,https://omniture.com,cjewkesda@npr.org,msmallsda,4/18/2020
47.172.79.41,https://hao123.com,nmellenbydb@twitpic.com,eludlowdb,10/25/2019
81.159.4.158,https://qq.com,dbardendc@bluehost.com,wpinedc,9/17/2020
211.43.57.14,https://google.cn,wbutlindd@alexa.com,areallydd,5/17/2020
159.136.141.151,https://theglobeandmail.com,sselwinde@wikia.com,lspunerde,10/5/2020
69.49.208.19,https://google.com.hk,zmarvelldf@pbs.org,ezuanndf,2/1/2020
140.165.119.76,https://ehow.com,nmarietondg@admin.ch,belsdondg,7/11/2020
177.81.7.161,http://archive.org,dsaviledh@statcounter.com,pelnordh,8/5/2020
120.222.92.93,https://blogtalkradio.com,mjordinedi@technorati.com,claingdi,4/2/2020
82.97.17.77,http://sohu.com,ahamblettdj@mail.ru,rmarjotdj,11/24/2019
19.22.129.97,https://studiopress.com,bblenkinshipdk@bloomberg.com,gsimeonedk,2/18/2020
128.162.248.26,https://printfriendly.com,gcaddockdl@google.es,rdiranddl,7/10/2020
157.230.80.123,https://shinystat.com,csatchdm@purevolume.com,dpitteldm,11/10/2019
178.245.219.231,https://webs.com,helsbydn@sitemeter.com,skelliedn,10/23/2019
237.231.171.244,https://ameblo.jp,rellawaydo@mac.com,dgovierdo,4/26/2020
156.100.100.212,http://youku.com,bpiesolddp@nba.com,mdederichdp,7/24/2020
52.66.70.30,https://scientificamerican.com,psamettdq@ted.com,dtschurschdq,3/29/2020
205.109.211.80,https://hatena.ne.jp,rrickearddr@1und1.de,kwormleightondr,1/9/2020
34.190.84.97,https://statcounter.com,bedmonstonds@usnews.com,pcorrieads,9/15/2020
92.204.241.192,https://51.la,jrubbertdt@unc.edu,tcadoredt,11/27/2019
66.1.128.224,https://nba.com,apercharddu@youtu.be,ttimmisdu,8/26/2020
131.237.238.159,http://npr.org,cvaiseydv@businessinsider.com,fwrixondv,11/30/2019
100.85.196.4,http://stumbleupon.com,msedgemonddw@myspace.com,jmcgarriedw,9/24/2020
208.8.135.40,http://technorati.com,ljealousdx@hexun.com,jfarensdx,6/20/2020
44.79.25.166,http://sciencedirect.com,apedroccody@jalbum.net,bsigharddy,12/26/2019
170.10.35.90,https://sogou.com,vdalbydz@opensource.org,abrinsforddz,4/6/2020
111.81.217.64,http://chicagotribune.com,ypoee0@about.com,mtomadonie0,9/29/2020
156.115.233.46,https://toplist.cz,gmacdermande1@hhs.gov,bdampe1,6/29/2020
83.1.221.211,http://google.com.br,ksprulese2@woothemes.com,jfenninge2,12/23/2019
150.92.70.146,http://eepurl.com,rmarjanskie3@woothemes.com,jscahille3,3/31/2020
171.196.107.167,http://infoseek.co.jp,ctomblingse4@edublogs.org,msemeradovae4,4/2/2020
239.135.5.62,http://themeforest.net,tcornnere5@tripadvisor.com,pgummarye5,4/4/2020
41.68.214.22,http://reuters.com,dburche6@paginegialle.it,hiowarche6,6/9/2020
93.59.199.244,http://meetup.com,cmcelroye7@alibaba.com,dwiltshawe7,9/29/2020
177.194.162.167,https://jigsy.com,ksetche8@desdev.cn,abuggse8,7/7/2020
216.82.212.105,http://pbs.org,sdoddrelle9@blogspot.com,dstrangee9,10/21/2019
40.129.28.212,http://discuz.net,jwarlaweea@utexas.edu,amccarlichea,8/1/2020
248.67.59.91,http://eventbrite.com,bbottrilleb@netvibes.com,bhardeneb,9/6/2020
78.37.95.20,http://mashable.com,ajoslowec@jugem.jp,mpoagec,6/20/2020
115.87.173.218,https://disqus.com,kbreckoned@vimeo.com,ssummerilled,8/16/2020
0.152.61.179,https://wufoo.com,lfatheree@nih.gov,amelsomee,9/23/2020
227.157.34.113,https://dailymail.co.uk,rtwellef@statcounter.com,afantonef,10/21/2019
128.129.208.2,http://adobe.com,ylinleyeg@edublogs.org,gdouganeg,1/12/2020
6.87.217.226,http://dion.ne.jp,ctanzereh@angelfire.com,dmeaceeh,4/9/2020
24.182.150.12,http://oracle.com,bleeleei@google.ru,wburdonei,7/3/2020
247.232.93.231,http://mtv.com,gcourtoisej@time.com,ikenwayej,6/27/2020
109.29.56.107,http://jigsy.com,lmonierek@reverbnation.com,hgorsek,2/9/2020
92.232.217.60,http://usnews.com,tleveringtonel@purevolume.com,ltrowleel,4/9/2020
178.117.230.0,http://xinhuanet.com,aboundsem@plala.or.jp,rmcnultyem,11/3/2019
195.204.181.145,https://pbs.org,mbridewellen@drupal.org,bgoranoven,5/18/2020
26.189.143.142,https://boston.com,bordeo@exblog.jp,chailleo,10/22/2019
219.65.51.106,http://artisteer.com,htongsep@psu.edu,rthingep,10/4/2020
203.130.219.41,http://nih.gov,sskentelburyeq@nymag.com,ngowerseq,10/16/2020
73.10.25.29,http://newyorker.com,bgregsoner@amazon.co.uk,jarnkeer,1/2/2020
223.37.158.176,http://biglobe.ne.jp,lschnitteres@walmart.com,shisemanes,8/27/2020
222.230.34.144,https://1und1.de,jnariset@moonfruit.com,jdarlowet,6/11/2020
182.252.90.59,https://ted.com,kmctrustrameu@wiley.com,bdodwelleu,4/27/2020
221.99.235.142,https://aboutads.info,lkermonev@spotify.com,mmcquillenev,9/6/2020
26.139.12.57,https://elegantthemes.com,kburlew@unesco.org,rmushetew,2/21/2020
28.177.149.35,http://google.it,mburnhamsex@mayoclinic.com,dambrogiottiex,10/10/2020
105.219.182.221,http://biglobe.ne.jp,gbolleney@oakley.com,watwoodey,9/20/2020
126.90.84.71,https://washingtonpost.com,calgoreez@cbsnews.com,gmeddingsez,3/4/2020
46.137.106.68,http://cbsnews.com,jcootesf0@theglobeandmail.com,dhuisonf0,6/3/2020
160.14.24.218,http://list-manage.com,ugerdingf1@oracle.com,abuntinef1,9/11/2020
230.12.25.155,https://opera.com,gottiwillf2@cornell.edu,ebradbeerf2,1/15/2020
220.103.223.104,http://gmpg.org,ileacyf3@1und1.de,cobellf3,9/27/2020
116.62.107.94,http://instagram.com,dmcginnyf4@mapquest.com,igavriellif4,9/6/2020
116.239.177.49,http://plala.or.jp,cfessionsf5@constantcontact.com,cpopplewellf5,4/22/2020
178.148.72.110,https://technorati.com,pravenhillsf6@shutterfly.com,vrileyf6,3/26/2020
213.112.170.176,http://google.co.uk,omacalpynef7@nbcnews.com,vdaref7,7/9/2020
137.67.119.110,https://facebook.com,atinwellf8@ihg.com,fbeamissf8,9/8/2020
95.69.45.229,https://skyrock.com,ascollif9@gravatar.com,mmaynardf9,2/13/2020
223.42.126.54,https://symantec.com,rdarrowfa@arizona.edu,htregienfa,10/28/2019
84.13.207.59,http://senate.gov,wchancellorfb@webnode.com,msherarfb,5/20/2020
197.19.154.116,http://globo.com,cdrinkelfc@hp.com,hswashfc,7/10/2020
215.122.36.94,https://vkontakte.ru,mabellfd@usgs.gov,bsoulefd,2/28/2020
70.198.109.82,https://reference.com,cmcinteerfe@ox.ac.uk,rwalkeyfe,4/27/2020
37.205.18.234,http://etsy.com,pdungeyff@opensource.org,dterneff,10/3/2020
55.251.0.55,http://ycombinator.com,thorrellfg@digg.com,gwhinesfg,1/26/2020
159.116.196.140,https://yandex.ru,otassellfh@squidoo.com,rfredafh,8/11/2020
120.251.209.132,https://nymag.com,mlucockfi@ihg.com,tjackefi,1/1/2020
128.141.25.18,https://51.la,ptilfordfj@archive.org,hivainfj,12/22/2019
153.128.163.129,https://hhs.gov,lantragfk@hao123.com,lvreibergfk,11/23/2019
27.224.101.228,http://youtube.com,asticklerfl@example.com,nbruinemannfl,5/7/2020
110.85.74.148,http://bravesites.com,mroubeixfm@wix.com,hmctaguefm,2/13/2020
131.65.201.137,https://geocities.com,dsirrfn@goodreads.com,kharmstonfn,12/18/2019
14.80.114.72,http://npr.org,mcoyefo@blinklist.com,kmartinecfo,7/3/2020
208.225.196.70,https://ucoz.com,iscardafieldfp@dagondesign.com,tscoggansfp,5/9/2020
15.112.237.68,http://devhub.com,dswedelandfq@seattletimes.com,dsagefq,7/17/2020
237.121.247.177,http://ibm.com,kbolesmafr@statcounter.com,gchisolmfr,6/16/2020
154.241.230.39,http://princeton.edu,dslemmingfs@pbs.org,cbonasfs,12/8/2019
103.79.148.46,https://networkadvertising.org,aferriereft@alexa.com,ecobboldft,12/12/2019
173.105.39.199,https://webnode.com,fkoselfu@state.tx.us,rzanettinifu,6/21/2020
2.18.50.216,https://noaa.gov,sstickelfv@ustream.tv,cjouanninfv,11/4/2019
61.174.242.17,https://flickr.com,abosencefw@addthis.com,ibardenfw,1/6/2020
44.119.14.235,https://foxnews.com,lstrathearnfx@51.la,fstaniforthfx,8/19/2020
208.218.51.92,https://jalbum.net,ocuphusfy@taobao.com,jglaviasfy,7/29/2020
6.214.65.205,http://dailymotion.com,gsliddersfz@msu.edu,pwicksfz,7/22/2020
171.180.233.220,https://howstuffworks.com,lparksg0@sciencedirect.com,psyalvesterg0,1/22/2020
15.165.237.64,http://feedburner.com,ageartyg1@ask.com,esteljesg1,7/10/2020
217.17.42.171,https://latimes.com,odeverillg2@cnbc.com,apandyag2,5/25/2020
5.142.140.187,https://scientificamerican.com,abattershallg3@amazon.co.uk,egalfourg3,1/4/2020
51.170.232.214,https://usgs.gov,mpownallg4@bing.com,tclandillong4,5/21/2020
189.21.128.4,https://marriott.com,ajansensg5@hatena.ne.jp,lbrokeg5,9/23/2020
138.49.157.255,https://gov.uk,pgaging6@moonfruit.com,ckerfutg6,4/16/2020
168.17.0.13,https://timesonline.co.uk,rrouthorng7@a8.net,jkissockg7,3/2/2020
131.127.37.155,http://a8.net,pdepperg8@chicagotribune.com,ospikeingsg8,3/8/2020
0.141.157.36,http://eventbrite.com,crumbelowg9@yellowpages.com,atollertong9,12/18/2019
243.75.103.95,http://google.com.hk,kdevennyga@techcrunch.com,ahollingdalega,4/18/2020
146.113.105.218,http://youtube.com,ehatherallgb@linkedin.com,ohushgb,12/6/2019
99.24.245.251,https://vimeo.com,ldumbrillgc@ebay.co.uk,lcasseygc,8/25/2020
143.221.224.155,https://amazon.co.uk,mbelshergd@geocities.com,pedgargd,8/24/2020
89.48.74.207,https://is.gd,mbokenge@xrea.com,nayliffge,9/27/2020
156.236.39.232,http://delicious.com,ncreesgf@dedecms.com,nshakespearegf,1/12/2020
192.160.24.165,https://google.fr,rflintoftgg@aol.com,crichardesgg,1/2/2020
27.14.45.58,https://storify.com,mpelosgh@flavors.me,ehogbengh,9/19/2020
76.45.102.215,https://newsvine.com,zmosengi@addthis.com,tmerielgi,9/8/2020
76.245.53.165,https://thetimes.co.uk,sallongj@dot.gov,kgeerlinggj,8/3/2020
197.208.142.32,http://feedburner.com,craltongk@disqus.com,lmardlingk,12/23/2019
207.242.120.80,https://i2i.jp,smatteonigl@linkedin.com,ialcorangl,4/29/2020
44.52.35.52,http://quantcast.com,bkittlessgm@t.co,rkeyesgm,8/11/2020
219.193.186.99,http://businessweek.com,tadriaensgn@senate.gov,fdaldrygn,3/28/2020
149.12.213.136,http://sakura.ne.jp,amoylango@mit.edu,egrollmanngo,1/1/2020
48.36.102.189,https://i2i.jp,jdowreygp@baidu.com,cniesinggp,4/17/2020
188.163.9.6,http://github.com,agostallgq@prnewswire.com,cswigggq,11/18/2019
87.159.199.32,http://intel.com,hstovengr@sitemeter.com,elepruvostgr,3/18/2020
73.104.123.35,http://cmu.edu,bsmallsgs@unesco.org,mmcmilliangs,6/8/2020
62.219.72.7,http://simplemachines.org,dteaseygt@noaa.gov,cpaulougt,7/16/2020
96.54.47.191,https://mayoclinic.com,mcrichgu@istockphoto.com,tharlygu,9/22/2020
50.137.114.119,http://ed.gov,sthewlesgv@umich.edu,bturonegv,3/10/2020
241.1.233.249,https://diigo.com,aleindeckergw@sakura.ne.jp,tplaitgw,7/19/2020
31.189.86.198,https://forbes.com,twhytockgx@stumbleupon.com,rraphaelgx,1/25/2020
34.110.200.159,https://blinklist.com,vodonnellgy@hp.com,jdiceygy,3/28/2020
13.173.154.243,https://ameblo.jp,ssexgz@homestead.com,rbouettegz,12/27/2019
236.196.169.237,http://skyrock.com,sbavisterh0@multiply.com,ikopph0,3/20/2020
171.45.148.203,https://printfriendly.com,pcritchellh1@tripadvisor.com,ebengoughh1,2/4/2020
115.58.129.239,http://blogger.com,acoulstonh2@bloglovin.com,lhirtheh2,1/19/2020
177.228.175.49,https://hostgator.com,vmilah3@mapy.cz,jprebbleh3,7/15/2020
213.72.181.184,https://topsy.com,tbeardallh4@amazon.co.uk,lbutlinh4,5/2/2020
254.42.246.26,http://wikipedia.org,cdeambrosih5@latimes.com,vlascellh5,5/18/2020
165.232.99.198,https://acquirethisname.com,bblakebroughh6@usda.gov,ywebbbowenh6,2/17/2020
209.223.199.164,https://yelp.com,gmapstoneh7@drupal.org,hshearmurh7,11/12/2019
204.55.182.16,http://ox.ac.uk,rtolchardeh8@merriam-webster.com,hblewmenh8,11/11/2019
65.186.208.57,http://jalbum.net,nstrachanh9@goodreads.com,temmerth9,11/21/2019
130.48.184.34,http://google.co.jp,rhandmanha@unicef.org,uvanrembrandtha,10/6/2020
202.58.58.235,https://sakura.ne.jp,jtungatehb@independent.co.uk,kfrischhb,5/5/2020
189.42.49.80,https://unicef.org,cfenwickhc@skyrock.com,psimmighc,7/30/2020
41.253.114.89,https://yolasite.com,bgraalmanhd@unesco.org,tcappelhd,9/17/2020
92.51.5.23,https://vk.com,famthorhe@fastcompany.com,lgoodyhe,11/20/2019
245.31.229.71,http://edublogs.org,mclotworthyhf@china.com.cn,nspraggehf,2/26/2020
40.254.78.136,https://yellowpages.com,dmuffetthg@instagram.com,ereishg,12/18/2019
179.134.39.2,http://tmall.com,kcrankhornhh@quantcast.com,dthirkettlehh,10/3/2020
178.149.67.70,http://addtoany.com,vgabottihi@geocities.jp,ehorsewoodhi,12/24/2019
92.107.2.93,http://dell.com,chamnethj@weebly.com,zdanniellhj,7/28/2020
105.243.162.156,http://shutterfly.com,mwhitwellhk@craigslist.org,cwhordleyhk,9/21/2020
99.148.175.89,https://salon.com,sofahertyhl@e-recht24.de,qlegierhl,6/18/2020
71.4.188.242,https://plala.or.jp,achillcothm@springer.com,mmckiernanhm,4/12/2020
95.11.29.101,http://tuttocitta.it,dtregienhn@gravatar.com,ekimmhn,2/1/2020
110.212.211.230,https://ihg.com,bbrugdenho@vimeo.com,lfishpooleho,9/26/2020
23.124.175.187,https://patch.com,agooddiehp@wisc.edu,bvonderemptenhp,10/18/2019
105.119.176.243,http://oakley.com,szaniolinihq@xing.com,mwhittleseyhq,8/9/2020
68.7.170.206,https://home.pl,ggrindrodhr@google.com.au,dderillhr,1/11/2020
85.198.4.247,https://ucoz.com,ctemprellhs@aboutads.info,plovelhs,10/14/2020
127.234.103.171,http://shareasale.com,gchaplainht@army.mil,sbandyht,6/30/2020
163.40.43.27,https://wikipedia.org,mwarrinerhu@bluehost.com,dpresnallhu,3/1/2020
208.211.182.131,http://bloomberg.com,aburganhv@discovery.com,lgiacaponihv,6/13/2020
163.22.210.14,https://fc2.com,mricciardohw@cnbc.com,jmablyhw,9/6/2020
238.193.16.230,https://wufoo.com,lcroallhx@wikimedia.org,sbuckleyhx,12/30/2019
104.80.220.91,http://github.com,cquarlishy@msn.com,pgoldhillhy,6/5/2020
180.115.102.144,http://latimes.com,oraggehz@twitpic.com,nsomertonhz,8/26/2020
234.143.208.164,https://bluehost.com,lmedmorei0@com.com,dspranklingi0,10/21/2019
217.180.155.62,http://admin.ch,haleksankini1@drupal.org,lgrigorii1,4/22/2020
102.50.117.250,http://tuttocitta.it,llebossei2@nih.gov,gkermodei2,6/4/2020
143.202.72.4,http://salon.com,cterrelli3@fastcompany.com,geunsoni3,8/15/2020
128.247.181.222,http://forbes.com,lcosgrovei4@wisc.edu,rdootsoni4,5/2/2020
20.111.207.94,https://sfgate.com,ksandwithi5@ehow.com,ckingzeti5,5/13/2020
119.182.9.24,https://unicef.org,klinneyi6@123-reg.co.uk,ibulloni6,12/12/2019
114.206.249.184,http://timesonline.co.uk,sinnotti7@so-net.ne.jp,jeelesi7,4/19/2020
19.110.42.107,https://disqus.com,santeckii8@phpbb.com,csidneyi8,1/6/2020
138.5.160.173,http://desdev.cn,hblinti9@ucoz.com,gtackleyi9,1/6/2020
18.146.165.86,http://chronoengine.com,dfortuneia@squarespace.com,lmclenaghania,4/10/2020
128.190.33.140,http://state.tx.us,cpeddersenib@symantec.com,chowgegoib,4/2/2020
168.229.107.99,https://sciencedaily.com,rrosentholeric@thetimes.co.uk,efoliniic,10/25/2019
209.120.24.4,https://nature.com,jloundsid@redcross.org,criccioneid,9/8/2020
93.230.76.179,https://themeforest.net,jflorenceie@e-recht24.de,ntattersallie,1/17/2020
86.153.243.128,https://theatlantic.com,fheppenspallif@ox.ac.uk,cebenezerif,10/25/2019
172.96.221.8,http://unicef.org,kyeaig@miitbeian.gov.cn,rsambiedgeig,8/25/2020
50.54.27.218,http://china.com.cn,nwhittockih@japanpost.jp,edevlinih,3/18/2020
248.129.159.214,https://angelfire.com,dmacconachyii@newsvine.com,gduckerinii,10/19/2019
249.67.155.185,http://soundcloud.com,mbosseij@sourceforge.net,jgrinleyij,9/16/2020
167.157.219.171,https://google.pl,jiggaldenik@paypal.com,jforrestillik,3/14/2020
179.62.109.99,https://ebay.co.uk,wklaesil@networksolutions.com,epykettil,6/28/2020
0.49.177.145,http://instagram.com,nfechnieim@paginegialle.it,tberrygunim,7/16/2020
89.28.139.234,http://addthis.com,kmacauleyin@imgur.com,slinkleterin,1/19/2020
8.197.250.148,http://economist.com,ebobaschio@eepurl.com,ygrisardio,9/7/2020
38.90.118.5,https://biblegateway.com,ghuthartip@360.cn,smonksip,7/1/2020
59.216.71.84,http://51.la,acliftiq@amazon.co.uk,rarundelliq,12/7/2019
25.148.198.202,http://youtube.com,tmcconnellir@infoseek.co.jp,ntadlowir,3/26/2020
39.70.254.165,http://state.tx.us,wchingedehalsis@indiegogo.com,otommaseois,12/15/2019
211.107.104.188,http://wix.com,wmarjoramit@hostgator.com,dfilgateit,5/18/2020
46.161.63.95,https://stanford.edu,dreysoniu@imdb.com,hgemsoniu,6/29/2020
143.122.11.132,https://people.com.cn,cgeraudeliv@google.it,fposeriv,6/5/2020
242.113.24.81,http://ox.ac.uk,lbadlandiw@dedecms.com,lharlandiw,5/15/2020
82.87.164.210,https://hud.gov,bcaldecourtix@google.fr,npulhamix,11/8/2019
115.19.54.167,https://businessinsider.com,dlevyiy@hubpages.com,ksnelleiy,8/28/2020
204.56.196.24,http://bandcamp.com,lgraingeriz@microsoft.com,kmontgomeryiz,1/3/2020
97.137.240.83,https://amazonaws.com,tcroptonj0@1688.com,fcopnarj0,6/19/2020
107.180.132.181,http://w3.org,bboveyj1@seattletimes.com,caylmorej1,6/25/2020
130.174.215.10,https://imgur.com,mjannaschj2@privacy.gov.au,ztetlowj2,1/29/2020
120.77.111.44,https://webs.com,wvenningsj3@multiply.com,mpudgej3,7/12/2020
63.97.58.76,https://storify.com,cbottomerj4@shareasale.com,jblazevicj4,8/23/2020
188.89.190.118,https://prlog.org,mbaylesj5@state.gov,rablittj5,7/23/2020
58.158.109.88,http://buzzfeed.com,fwrinchj6@yolasite.com,kgarwillj6,8/15/2020
215.113.160.215,https://irs.gov,faiskovitchj7@odnoklassniki.ru,bplacidoj7,5/18/2020
232.27.75.170,http://hexun.com,jbraffingtonj8@miitbeian.gov.cn,dlockyerj8,9/2/2020
169.229.1.174,https://tamu.edu,pwrightamj9@time.com,epavyerj9,3/17/2020
141.50.215.137,https://wunderground.com,dcaughteja@prnewswire.com,cbaynomja,11/26/2019
219.120.43.80,https://nationalgeographic.com,dmacchaelljb@statcounter.com,rplowsjb,3/13/2020
170.121.163.85,https://paypal.com,gviolletjc@theatlantic.com,dbudibentjc,9/11/2020
120.128.101.188,https://google.com.hk,mkingsnoadjd@facebook.com,bcarnsonjd,5/16/2020
66.224.152.24,https://people.com.cn,phellmerje@cbslocal.com,dboddisje,4/22/2020
236.4.206.69,http://globo.com,vbrizelljf@go.com,seliescojf,3/18/2020
15.162.88.120,http://edublogs.org,sslaughterjg@creativecommons.org,telsmorjg,4/8/2020
138.154.244.93,https://scribd.com,plockyearjh@yelp.com,estiegarjh,11/17/2019
106.200.176.255,https://answers.com,vlemonji@engadget.com,fruslenji,7/28/2020
66.65.30.180,https://sciencedaily.com,lpowleslandjj@shinystat.com,evannarjj,12/14/2019
121.179.227.86,https://google.pl,jbownessjk@slideshare.net,jwingarjk,3/22/2020
196.34.105.115,http://ox.ac.uk,oscreasejl@discuz.net,bkilleleyjl,9/9/2020
217.182.7.218,https://cyberchimps.com,aricciardellijm@dyndns.org,jkarlqvistjm,5/10/2020
235.235.126.120,http://bandcamp.com,ccromleyjn@google.com,slopesjn,10/1/2020
200.63.135.221,https://gov.uk,wskurmjo@printfriendly.com,agniewoszjo,3/23/2020
112.93.123.228,https://ezinearticles.com,mraddenburyjp@digg.com,rgaulejp,3/18/2020
92.85.25.185,https://cornell.edu,bcousinjq@ox.ac.uk,mgavaghanjq,2/15/2020
158.167.249.138,https://wiley.com,epoatjr@ycombinator.com,glytelljr,10/22/2019
69.109.224.89,http://deviantart.com,wweadickjs@theglobeandmail.com,caggliojs,11/4/2019
158.183.59.192,http://nba.com,fharcejt@gmpg.org,emorchjt,10/21/2019
92.143.243.107,http://aboutads.info,mmortelju@gmpg.org,emoorcraftju,9/16/2020
190.69.141.168,https://a8.net,edanieloujv@canalblog.com,ydurninjv,11/1/2019
116.165.136.46,https://omniture.com,dcostijw@vkontakte.ru,jlawsonjw,10/23/2019
40.10.120.173,http://delicious.com,gforrestorjx@flickr.com,syelejx,3/23/2020
175.25.111.201,https://nature.com,donionjy@aboutads.info,tmalinjy,12/2/2019
210.175.167.16,http://wunderground.com,sasberyjz@walmart.com,kfavellejz,9/21/2020
198.144.220.114,http://usatoday.com,wmcnalleyk0@wunderground.com,wbeggink0,4/22/2020
167.180.140.98,https://amazon.de,dskillenk1@uol.com.br,tbaumk1,7/23/2020
233.254.126.128,http://cnet.com,cstowk2@businessweek.com,araggettk2,9/29/2020
104.96.82.244,http://artisteer.com,aterrisk3@youku.com,gdavenallk3,4/11/2020
246.249.98.190,https://yale.edu,eginleyk4@house.gov,nbidnallk4,9/9/2020
100.121.54.156,https://hao123.com,hclerkk5@pinterest.com,dshowenk5,2/4/2020
168.159.14.241,http://ucla.edu,ksawkinsk6@networksolutions.com,bmayworthk6,10/8/2020
159.250.98.138,https://parallels.com,rvalentink7@is.gd,nbarajak7,8/25/2020
206.140.84.34,https://mayoclinic.com,spritchittk8@blogger.com,zjenkingk8,12/7/2019
234.61.49.170,http://squarespace.com,ddeakinsk9@bbc.co.uk,mteshk9,2/22/2020
90.236.152.21,https://wikispaces.com,hfliegka@marriott.com,wrhoddieka,5/13/2020
205.105.93.129,http://canalblog.com,mgoulbournkb@howstuffworks.com,jriggertkb,7/18/2020
94.144.13.166,https://gnu.org,atempestkc@gizmodo.com,mhuortickc,2/11/2020
60.101.199.140,http://cnn.com,bomullanekd@deliciousdays.com,tgunthorpekd,3/13/2020
112.226.128.50,https://twitter.com,aagateke@com.com,rmourbeyke,3/26/2020
7.98.144.43,http://1und1.de,bcarmokf@feedburner.com,scratchleykf,3/1/2020
42.206.61.68,https://phpbb.com,ebertomierkg@posterous.com,eshireffkg,8/11/2020
168.87.154.181,https://dedecms.com,cmaccreekh@macromedia.com,rjealkh,2/26/2020
9.90.201.203,https://uol.com.br,rroggemanki@ted.com,rdrejerki,7/16/2020
5.233.4.100,https://elegantthemes.com,cgrishenkovkj@1688.com,ylaingkj,7/25/2020
170.94.200.166,http://weibo.com,kbrimelowkk@woothemes.com,amayerkk,3/28/2020
184.125.159.251,http://patch.com,dolyetkl@mapquest.com,dwhineskl,4/25/2020
64.251.79.129,http://drupal.org,leverardkm@ebay.com,jbaldinottikm,8/2/2020
117.105.19.0,http://sina.com.cn,wtollerkn@ameblo.jp,abrittiankn,5/12/2020
217.90.123.136,https://barnesandnoble.com,nstollwerckko@cbsnews.com,pdheninko,2/1/2020
32.69.252.35,https://bbb.org,lpattinikp@dagondesign.com,gsarchwellkp,5/31/2020
53.250.135.226,http://ask.com,rfewsterkq@drupal.org,ipavekkq,8/15/2020
28.74.152.20,http://ox.ac.uk,kunsteadkr@wufoo.com,cstollwerkkr,6/3/2020
196.233.30.78,https://hostgator.com,gzylberdikks@amazon.co.jp,nmaxwaileks,8/30/2020
252.71.165.106,http://jiathis.com,jboldenkt@imgur.com,sheinshkt,7/29/2020
16.187.152.195,https://prnewswire.com,gbothieku@so-net.ne.jp,clenschku,7/8/2020
112.91.34.5,https://gravatar.com,cbolmannkv@imdb.com,bninehamkv,8/20/2020
120.69.118.173,http://reverbnation.com,bsmithenkw@liveinternet.ru,bkemmeykw,6/2/2020
204.246.165.105,http://skyrock.com,rdurdlekx@tumblr.com,mhidderleykx,3/12/2020
117.224.51.36,http://ca.gov,shegdonneky@ft.com,cfouldky,10/10/2020
24.176.3.102,https://biglobe.ne.jp,cfantekz@angelfire.com,mtedmankz,1/26/2020
33.84.88.121,https://arstechnica.com,dcaccavaril0@purevolume.com,zschusterl0,8/9/2020
184.49.192.147,http://microsoft.com,mgiacomettil1@shop-pro.jp,dgirtl1,1/21/2020
194.165.17.103,http://wiley.com,dsmithermanl2@youtu.be,mtomanl2,1/11/2020
34.244.233.15,http://china.com.cn,atatlowel3@noaa.gov,wcassyl3,10/10/2020
48.163.166.1,https://engadget.com,emackrelll4@sogou.com,etichnerl4,4/17/2020
17.23.177.93,http://seattletimes.com,ddakel5@simplemachines.org,cphippenl5,8/31/2020
14.134.214.128,https://furl.net,dfollittl6@ox.ac.uk,mblampiedl6,6/4/2020
124.15.14.121,https://1und1.de,pmckeatingl7@sciencedirect.com,pcalcottl7,12/19/2019
185.17.171.72,http://umn.edu,kwhittetl8@auda.org.au,mkilcullenl8,5/16/2020
28.138.207.191,http://state.gov,jskonesl9@mapquest.com,jhawkeridgel9,9/12/2020
21.117.26.219,https://angelfire.com,ksamettla@about.com,ccordeuxla,6/3/2020
139.108.207.40,http://msu.edu,dpudnerlb@vinaora.com,oeasumlb,12/20/2019
36.103.105.154,https://samsung.com,trundalllc@phpbb.com,bshillumlc,1/10/2020
210.75.96.44,http://chron.com,ebarnwallld@hubpages.com,tgradyld,7/20/2020
166.55.187.235,https://photobucket.com,jbovairdle@mtv.com,rflarityle,2/14/2020
179.98.37.18,https://ustream.tv,kgingellf@altervista.org,lleighfieldlf,7/29/2020
54.111.143.198,http://domainmarket.com,agorickelg@nymag.com,wminifielg,8/13/2020
17.13.226.94,http://rakuten.co.jp,icamillilh@1und1.de,tivankovlh,5/18/2020
155.72.157.152,https://privacy.gov.au,jpresslieli@oracle.com,vclementsli,5/30/2020
37.118.52.192,https://xing.com,aorteauxlj@google.cn,sarnizlj,7/8/2020
119.125.145.199,http://telegraph.co.uk,hcocktonlk@youku.com,bdegiovannilk,3/16/2020
237.50.113.252,http://europa.eu,lhartzogll@deliciousdays.com,totteell,2/22/2020
142.11.113.13,http://taobao.com,dkmietschlm@scribd.com,sactonlm,4/17/2020
135.44.153.228,http://etsy.com,apettkoln@nytimes.com,tcordeauln,3/19/2020
57.220.21.189,https://pbs.org,cbrabinlo@vk.com,rmowlelo,12/26/2019
127.153.253.151,https://woothemes.com,hmckissacklp@geocities.jp,lcoplandlp,7/20/2020
17.184.6.178,http://answers.com,eelvidgelq@stumbleupon.com,trawcliffelq,7/2/2020
172.139.182.46,http://virginia.edu,ephelplr@artisteer.com,hbatkinlr,1/6/2020
70.82.166.179,http://howstuffworks.com,msealels@blogger.com,pwilksls,12/11/2019
208.42.135.247,https://ameblo.jp,lcouchmanlt@reddit.com,ffarrenlt,1/21/2020
148.196.140.207,https://github.io,kpenswicklu@gov.uk,wbeumantlu,5/7/2020
90.220.54.184,http://oracle.com,bsoigouxlv@microsoft.com,mclayworthlv,7/30/2020
131.162.148.71,https://purevolume.com,mfilippolw@comcast.net,tgartelllw,12/17/2019
63.155.104.241,https://dropbox.com,vmiqueletlx@buzzfeed.com,zstratfordlx,12/9/2019
246.70.122.144,http://wordpress.org,kredpathly@blogs.com,aivantyevly,12/27/2019
115.45.204.179,http://opensource.org,cjessonlz@angelfire.com,rizkovitchlz,4/28/2020
244.209.109.218,http://multiply.com,tlovegrovem0@163.com,vknotonm0,10/21/2019
161.130.133.151,https://ox.ac.uk,trymillm1@xing.com,pcraykerm1,8/11/2020
116.216.125.75,http://intel.com,cbrownhillm2@ebay.co.uk,acaulwellm2,9/10/2020
218.4.182.46,http://mozilla.com,ltinkhamm3@issuu.com,ubalshawm3,2/19/2020
139.162.146.208,https://google.com.hk,dluttonm4@webmd.com,clintinm4,4/22/2020
48.56.151.169,http://bigcartel.com,slocketm5@senate.gov,mcockerm5,12/22/2019
94.203.70.126,https://blogger.com,rchidlowm6@reuters.com,kwanklingm6,5/28/2020
63.56.97.6,http://mashable.com,icamierm7@symantec.com,lswansboroughm7,5/27/2020
122.243.67.99,http://alibaba.com,jsiebartm8@comsenz.com,lguislerm8,2/7/2020
45.22.18.144,http://shinystat.com,ldefilippism9@rediff.com,selmesm9,10/7/2020
7.127.61.129,https://free.fr,rkelliema@last.fm,mpunshonma,7/5/2020
207.205.80.141,https://skyrock.com,iportrissmb@nydailynews.com,mpiniurmb,5/3/2020
2.23.134.190,https://typepad.com,cmackiesonmc@odnoklassniki.ru,nbiersmc,11/21/2019
139.12.48.190,https://linkedin.com,jdumbarmd@sciencedirect.com,fsparrymd,7/28/2020
153.18.211.207,http://soup.io,astukeme@vk.com,ilindberghme,4/6/2020
180.94.115.69,http://mtv.com,arissenmf@is.gd,aprowtingmf,9/8/2020
2.202.74.221,http://jugem.jp,zliddellmg@behance.net,shrihorovichmg,1/23/2020
226.46.177.123,https://cnet.com,achampleymh@feedburner.com,bconnechymh,9/27/2020
140.123.185.156,https://spiegel.de,vholbymi@example.com,dwitcombemi,6/1/2020
140.76.75.122,http://tmall.com,jpendellmj@php.net,dpollastromj,3/12/2020
7.129.34.212,https://google.co.uk,emosedillmk@techcrunch.com,selsmeremk,7/31/2020
145.29.30.87,http://feedburner.com,bmascallml@usgs.gov,sosgordbyml,4/22/2020
127.139.75.117,https://studiopress.com,bcadoganmm@cnet.com,celseymm,1/11/2020
103.65.25.165,https://google.it,mmcdowallmn@edublogs.org,mdebernardismn,4/29/2020
47.39.186.192,https://networksolutions.com,pwellmo@webs.com,fglanvillmo,8/18/2020
158.186.3.96,https://naver.com,emeynellmp@123-reg.co.uk,jtokellmp,11/7/2019
137.110.115.86,http://scientificamerican.com,tivanchovmq@hugedomains.com,ftingeymq,1/26/2020
2.85.131.223,https://fotki.com,smclanachanmr@lycos.com,skeavesmr,1/23/2020
122.7.253.151,https://imageshack.us,ocampeyms@artisteer.com,udelislems,5/3/2020
214.73.49.108,https://seesaa.net,ggilluleymt@newsvine.com,abastablemt,12/14/2019
87.208.223.145,http://army.mil,kmelrosemu@webs.com,nsteetmu,7/15/2020
132.104.80.165,https://jugem.jp,alisciardellimv@home.pl,gthompkinsmv,7/17/2020
8.89.127.206,https://ox.ac.uk,gacombmw@i2i.jp,twegenermw,12/20/2019
158.225.226.59,https://github.io,ipynermx@prnewswire.com,datheismx,10/12/2020
231.173.77.9,http://latimes.com,gchallenmy@csmonitor.com,kgouthmy,10/9/2020
97.60.57.77,http://adobe.com,mgreenmanmz@latimes.com,jdionisiomz,9/18/2020
189.194.97.230,http://diigo.com,hiacobon0@rakuten.co.jp,gjenneyn0,11/8/2019
175.173.236.111,http://ox.ac.uk,jdelvesn1@netlog.com,ylindnern1,6/9/2020
170.168.197.208,http://blog.com,tgritsunovn2@delicious.com,gspieckn2,7/20/2020
144.109.238.155,http://rambler.ru,apauern3@paginegialle.it,smcvronen3,4/30/2020
226.112.82.186,http://nba.com,ialderseyn4@ning.com,tplayfordn4,7/12/2020
207.15.214.177,https://skype.com,mbalchinn5@miitbeian.gov.cn,bkeavenyn5,12/23/2019
104.181.120.229,https://pbs.org,rklewern6@aboutads.info,lrebichonn6,6/1/2020
36.33.35.159,http://mapy.cz,lcobdenn7@oakley.com,damayan7,5/28/2020
240.198.82.38,http://phoca.cz,jboggonn8@japanpost.jp,kheepsn8,9/9/2020
238.128.184.10,https://reference.com,bstirlandn9@desdev.cn,oduffinn9,8/26/2020
81.197.12.58,http://harvard.edu,ccollumbellna@buzzfeed.com,chaythornthwaitena,5/29/2020
132.232.42.241,https://admin.ch,npotticarynb@shareasale.com,abrealeynb,7/17/2020
151.29.98.73,http://chron.com,mramsaync@marriott.com,ccastannc,9/22/2020
111.28.174.198,https://time.com,bcockellnd@oakley.com,rruburynd,6/8/2020
61.65.65.254,https://earthlink.net,acaverhillne@paypal.com,ksillarsne,3/13/2020
214.127.127.247,https://acquirethisname.com,mpunchnf@sfgate.com,tashingdennf,6/27/2020
17.140.49.210,http://economist.com,mfinbyng@diigo.com,wminshallng,4/21/2020
106.88.32.16,http://ning.com,apollingtonnh@bbc.co.uk,trayntonnh,7/30/2020
0.97.142.21,http://163.com,aflukesni@wufoo.com,kcramerni,4/13/2020
85.30.93.200,http://zimbio.com,fmaceynj@shutterfly.com,agidleynj,11/5/2019
45.55.253.61,http://wikia.com,omaddernnk@sbwire.com,eletrangenk,2/19/2020
149.49.32.117,https://marriott.com,gsprossonnl@census.gov,isentnl,12/10/2019
151.173.165.22,http://oakley.com,ddudillnm@wunderground.com,btyresnm,4/12/2020
161.94.32.168,https://cpanel.net,gpawelczyknn@w3.org,tnisotnn,10/20/2019
188.193.140.244,https://auda.org.au,ychickno@thetimes.co.uk,ablofieldno,12/9/2019
37.182.142.210,http://jiathis.com,cnorhenynp@huffingtonpost.com,awolstencroftnp,7/9/2020
241.213.214.20,http://usda.gov,apetownq@pbs.org,qcallardnq,7/21/2020
158.182.194.11,https://tmall.com,uklinenr@slate.com,bchurchyardnr,4/10/2020
205.17.147.173,http://nbcnews.com,ctomblesonns@columbia.edu,blunnonns,11/9/2019
213.37.195.240,http://blinklist.com,ekeenlaysident@issuu.com,sgallghernt,12/29/2019
41.176.164.60,http://cyberchimps.com,laynsleynu@cnbc.com,gcahennu,5/16/2020
156.157.249.131,https://yellowpages.com,atomkissnv@globo.com,lmaccraenv,6/15/2020
82.240.8.96,http://ucoz.ru,anehlsennw@boston.com,bwitherownw,4/17/2020
195.246.129.31,http://netvibes.com,tdelaundenx@nbcnews.com,sgysenx,12/12/2019
38.205.74.163,http://upenn.edu,lvlasyevny@paginegialle.it,rgyrgorcewicxny,12/30/2019
103.60.110.240,https://ihg.com,dbeelsnz@kickstarter.com,ldebruynenz,1/15/2020
